contact_id,company_id,first_name,last_name,role,email,phone,created_at
ct_0001,co_0001,Imran,Hossain,Founder,contact1@meghnacourier1bd.com,+8801901507896,2026-01-31
ct_0002,co_0002,Rahim,Chowdhury,Head of Logistics,contact2@bengallogistics2bd.com,+8801374062786,2025-06-24
ct_0003,co_0002,Karim,Khan,IT Manager,contact3@bengallogistics2bd.com,+8801396443003,2025-06-29
ct_0004,co_0003,Nabila,Khan,Operations Manager,contact4@tigersupply3bd.com,+8801746208603,2026-03-05
ct_0005,co_0003,Imran,Hossain,Operations Manager,contact5@tigersupply3bd.com,+8801883412002,2026-02-22
ct_0006,co_0004,Farhan,Hossain,Operations Manager,contact6@meghnalogistics4bd.com,+8801925947547,2026-05-08
ct_0007,co_0004,Sadia,Chowdhury,Head of Logistics,contact7@meghnalogistics4bd.com,+8801942674964,2026-05-06
ct_0008,co_0004,Karim,Rahman,Operations Manager,contact8@meghnalogistics4bd.com,+8801725738292,2026-05-12
ct_0009,co_0005,Rahim,Chowdhury,Sales Operations,contact9@shaplaexpress5bd.com,+8801941071267,2025-07-22
ct_0010,co_0005,Maliha,Islam,Founder,contact10@shaplaexpress5bd.com,+8801632727371,2025-07-12
ct_0011,co_0005,Farhan,Ahmed,Head of Logistics,contact11@shaplaexpress5bd.com,+8801433272486,2025-07-14
ct_0012,co_0006,Jarin,Ahmed,Founder,contact12@tigerdistribution6bd.com,+8801476483731,2026-07-02
ct_0013,co_0006,Rahim,Khan,IT Manager,contact13@tigerdistribution6bd.com,+8801420740360,2026-06-30
ct_0014,co_0007,Jarin,Ahmed,IT Manager,contact14@shaplafulfilment7bd.com,+8801968454106,2026-02-02
ct_0015,co_0008,Farhan,Khan,IT Manager,contact15@bengaldistribution8bd.com,+8801868926761,2025-11-17
ct_0016,co_0008,Sadia,Ahmed,Sales Operations,contact16@bengaldistribution8bd.com,+8801480187335,2025-11-11
ct_0017,co_0009,Karim,Khan,Head of Logistics,contact17@padmaexpress9bd.com,+8801760073606,2025-02-14
ct_0018,co_0009,Nabila,Hossain,Founder,contact18@padmaexpress9bd.com,+8801829680884,2025-02-08
ct_0019,co_0009,Jarin,Islam,Founder,contact19@padmaexpress9bd.com,+8801633079799,2025-02-06
ct_0020,co_0010,Nabila,Chowdhury,Operations Manager,contact20@meghnadistribution10bd.com,+8801457617134,2025-02-04
ct_0021,co_0010,Sadia,Chowdhury,Sales Operations,contact21@meghnadistribution10bd.com,+8801763509717,2025-01-25
ct_0022,co_0011,Imran,Islam,Operations Manager,contact22@padmalogistics11bd.com,+8801607241635,2025-10-25
ct_0023,co_0012,Farhan,Rahman,IT Manager,contact23@meghnafulfilment12bd.com,+8801649987917,2026-02-24
ct_0024,co_0012,Imran,Islam,IT Manager,contact24@meghnafulfilment12bd.com,+8801340091080,2026-02-28
ct_0025,co_0013,Imran,Khan,Sales Operations,contact25@anchorexpress13bd.com,+8801691558044,2026-07-18
ct_0026,co_0014,Maliha,Ahmed,Head of Logistics,contact26@nexaexpress14bd.com,+8801803849976,2025-11-16
ct_0027,co_0014,Sadia,Khan,Founder,contact27@nexaexpress14bd.com,+8801541684450,2025-11-19
ct_0028,co_0014,Rahim,Islam,IT Manager,contact28@nexaexpress14bd.com,+8801676207142,2025-11-21
ct_0029,co_0015,Jarin,Ahmed,Head of Logistics,contact29@bengalcourier15bd.com,+8801821358459,2025-07-02
ct_0030,co_0015,Maliha,Rahman,Sales Operations,contact30@bengalcourier15bd.com,+8801561891461,2025-07-01
ct_0031,co_0016,Karim,Hossain,Head of Logistics,contact31@rapidfulfilment16bd.com,+8801972592229,2025-10-15
ct_0032,co_0017,Farhan,Ahmed,Sales Operations,contact32@nexacourier17bd.com,+8801402608305,2026-08-06
ct_0033,co_0017,Sadia,Rahman,Sales Operations,contact33@nexacourier17bd.com,+8801327988655,2026-08-02
ct_0034,co_0017,Nabila,Ahmed,IT Manager,contact34@nexacourier17bd.com,+8801536865028,2026-08-04
ct_0035,co_0018,Rahim,Islam,Sales Operations,contact35@rapiddistribution18bd.com,+8801436612230,2025-05-13
ct_0036,co_0019,Karim,Islam,Founder,contact36@padmaexpress19bd.com,+8801543373247,2026-04-28
ct_0037,co_0019,Rahim,Rahman,Head of Logistics,contact37@padmaexpress19bd.com,+8801491724258,2026-04-18
ct_0038,co_0020,Imran,Islam,IT Manager,contact38@deltadistribution20bd.com,+8801873529313,2026-01-17
ct_0039,co_0020,Jarin,Rahman,IT Manager,contact39@deltadistribution20bd.com,+8801339993499,2026-01-13
ct_0040,co_0021,Maliha,Khan,Sales Operations,contact40@padmasupply21bd.com,+8801444225599,2025-07-14
ct_0041,co_0022,Maliha,Ahmed,Operations Manager,contact41@meghnafulfilment22bd.com,+8801569430814,2025-11-11
ct_0042,co_0022,Sadia,Hossain,Head of Logistics,contact42@meghnafulfilment22bd.com,+8801633898970,2025-11-16
ct_0043,co_0023,Karim,Rahman,Head of Logistics,contact43@tigerdistribution23bd.com,+8801888185543,2025-09-21
ct_0044,co_0023,Sadia,Islam,IT Manager,contact44@tigerdistribution23bd.com,+8801336330228,2025-09-23
ct_0045,co_0023,Karim,Chowdhury,Operations Manager,contact45@tigerdistribution23bd.com,+8801790044688,2025-09-18
ct_0046,co_0024,Karim,Ahmed,Head of Logistics,contact46@shaplasupply24bd.com,+8801779764874,2026-02-02
ct_0047,co_0024,Jarin,Khan,Head of Logistics,contact47@shaplasupply24bd.com,+8801528204614,2026-01-30
ct_0048,co_0024,Maliha,Ahmed,Head of Logistics,contact48@shaplasupply24bd.com,+8801952895897,2026-02-06
ct_0049,co_0025,Imran,Rahman,Founder,contact49@tigerdistribution25bd.com,+8801489783566,2025-12-25
ct_0050,co_0025,Jarin,Ahmed,Head of Logistics,contact50@tigerdistribution25bd.com,+8801445145293,2025-12-13
ct_0051,co_0026,Sadia,Khan,Founder,contact51@padmalogistics26bd.com,+8801989699978,2026-03-31
ct_0052,co_0027,Jarin,Ahmed,Operations Manager,contact52@padmalogistics27bd.com,+8801837386348,2025-04-01
ct_0053,co_0028,Farhan,Khan,Sales Operations,contact53@jamunafulfilment28bd.com,+8801843520524,2025-12-08
ct_0054,co_0029,Imran,Rahman,Head of Logistics,contact54@padmalogistics29bd.com,+8801379500795,2025-01-26
ct_0055,co_0029,Imran,Rahman,Founder,contact55@padmalogistics29bd.com,+8801691065015,2025-01-23
ct_0056,co_0030,Farhan,Khan,Operations Manager,contact56@bengalsupply30bd.com,+8801727434390,2025-06-27
ct_0057,co_0031,Maliha,Ahmed,Sales Operations,contact57@jamunafulfilment31bd.com,+8801553971801,2026-01-28
ct_0058,co_0031,Jarin,Rahman,Operations Manager,contact58@jamunafulfilment31bd.com,+8801901822304,2026-01-26
ct_0059,co_0032,Jarin,Ahmed,IT Manager,contact59@shaplasupply32bd.com,+8801849835968,2026-04-02
ct_0060,co_0032,Imran,Chowdhury,IT Manager,contact60@shaplasupply32bd.com,+8801980274792,2026-03-24
ct_0061,co_0032,Maliha,Khan,Sales Operations,contact61@shaplasupply32bd.com,+8801761146807,2026-03-22
ct_0062,co_0033,Nabila,Islam,Sales Operations,contact62@anchorlogistics33bd.com,+8801729077376,2026-01-29
ct_0063,co_0033,Imran,Hossain,Founder,contact63@anchorlogistics33bd.com,+8801979732496,2026-01-28
ct_0064,co_0033,Jarin,Khan,Founder,contact64@anchorlogistics33bd.com,+8801462939385,2026-02-05
ct_0065,co_0034,Nabila,Khan,IT Manager,contact65@shaplaexpress34bd.com,+8801546490960,2025-08-01
ct_0066,co_0034,Nabila,Islam,Head of Logistics,contact66@shaplaexpress34bd.com,+8801882368770,2025-08-08
ct_0067,co_0034,Nabila,Ahmed,Head of Logistics,contact67@shaplaexpress34bd.com,+8801813674773,2025-07-30
ct_0068,co_0035,Nabila,Khan,Sales Operations,contact68@shaplafulfilment35bd.com,+8801719070598,2025-12-25
ct_0069,co_0035,Karim,Khan,IT Manager,contact69@shaplafulfilment35bd.com,+8801967036429,2025-12-26
ct_0070,co_0036,Karim,Hossain,Sales Operations,contact70@shaplacourier36bd.com,+8801954217744,2026-05-30
ct_0071,co_0036,Karim,Islam,IT Manager,contact71@shaplacourier36bd.com,+8801898457267,2026-05-22
ct_0072,co_0037,Imran,Ahmed,IT Manager,contact72@tigersupply37bd.com,+8801482148824,2026-07-27
ct_0073,co_0037,Jarin,Hossain,Operations Manager,contact73@tigersupply37bd.com,+8801446246443,2026-07-21
ct_0074,co_0038,Jarin,Khan,Operations Manager,contact74@tigerexpress38bd.com,+8801552056422,2025-11-22
ct_0075,co_0039,Sadia,Chowdhury,Head of Logistics,contact75@padmaexpress39bd.com,+8801942320592,2025-10-20
ct_0076,co_0040,Karim,Rahman,Operations Manager,contact76@jamunadistribution40bd.com,+8801613379730,2025-05-14
ct_0077,co_0041,Karim,Chowdhury,IT Manager,contact77@rapidcourier41bd.com,+8801647319915,2025-11-05
ct_0078,co_0042,Sadia,Ahmed,IT Manager,contact78@padmasupply42bd.com,+8801671363917,2025-05-08
ct_0079,co_0042,Rahim,Hossain,Sales Operations,contact79@padmasupply42bd.com,+8801367277588,2025-05-15
ct_0080,co_0043,Rahim,Khan,Operations Manager,contact80@rapidfulfilment43bd.com,+8801863969308,2025-04-08
ct_0081,co_0043,Nabila,Islam,Founder,contact81@rapidfulfilment43bd.com,+8801552680714,2025-03-28
ct_0082,co_0043,Farhan,Chowdhury,Operations Manager,contact82@rapidfulfilment43bd.com,+8801437004271,2025-04-08
ct_0083,co_0044,Imran,Hossain,Head of Logistics,contact83@anchorsupply44bd.com,+8801797743583,2025-10-15
ct_0084,co_0045,Maliha,Islam,Operations Manager,contact84@tigerdistribution45bd.com,+8801594438562,2025-05-13
ct_0085,co_0045,Farhan,Khan,Head of Logistics,contact85@tigerdistribution45bd.com,+8801924731316,2025-05-09
ct_0086,co_0046,Rahim,Chowdhury,Operations Manager,contact86@tigerexpress46bd.com,+8801389938278,2025-04-19
ct_0087,co_0046,Maliha,Ahmed,Operations Manager,contact87@tigerexpress46bd.com,+8801474957556,2025-04-20
ct_0088,co_0047,Maliha,Rahman,Founder,contact88@rapidcourier47bd.com,+8801834788527,2025-08-19
ct_0089,co_0047,Karim,Chowdhury,IT Manager,contact89@rapidcourier47bd.com,+8801461815357,2025-08-24
ct_0090,co_0048,Farhan,Chowdhury,Head of Logistics,contact90@rapidfulfilment48bd.com,+8801518877249,2026-05-09
ct_0091,co_0048,Farhan,Islam,Operations Manager,contact91@rapidfulfilment48bd.com,+8801817903046,2026-04-26
ct_0092,co_0049,Imran,Chowdhury,Head of Logistics,contact92@meghnaexpress49bd.com,+8801906964246,2025-05-19
ct_0093,co_0049,Rahim,Ahmed,Founder,contact93@meghnaexpress49bd.com,+8801951686587,2025-05-05
ct_0094,co_0050,Maliha,Hossain,Founder,contact94@nexacourier50bd.com,+8801313839679,2025-11-03
ct_0095,co_0051,Farhan,Ahmed,Founder,contact95@rapidfulfilment51bd.com,+8801589038205,2025-07-15
ct_0096,co_0052,Imran,Khan,Operations Manager,contact96@deltasupply52bd.com,+8801749104492,2025-12-31
ct_0097,co_0053,Jarin,Islam,Head of Logistics,contact97@shapladistribution53bd.com,+8801459907209,2025-03-20
ct_0098,co_0054,Sadia,Hossain,IT Manager,contact98@bengalexpress54bd.com,+8801612451743,2025-06-29
ct_0099,co_0054,Karim,Khan,IT Manager,contact99@bengalexpress54bd.com,+8801597853523,2025-06-30
ct_0100,co_0054,Maliha,Hossain,Head of Logistics,contact100@bengalexpress54bd.com,+8801758629755,2025-06-20
ct_0101,co_0055,Nabila,Chowdhury,Founder,contact101@padmalogistics55bd.com,+8801738095971,2025-03-01
ct_0102,co_0055,Imran,Islam,Sales Operations,contact102@padmalogistics55bd.com,+8801781584620,2025-03-12
ct_0103,co_0055,Karim,Hossain,Operations Manager,contact103@padmalogistics55bd.com,+8801833997130,2025-03-08
ct_0104,co_0056,Jarin,Islam,Founder,contact104@meghnalogistics56bd.com,+8801953375525,2025-02-11
ct_0105,co_0056,Sadia,Islam,Head of Logistics,contact105@meghnalogistics56bd.com,+8801904326334,2025-01-28
ct_0106,co_0057,Karim,Khan,Head of Logistics,contact106@tigerlogistics57bd.com,+8801753758374,2026-01-19
ct_0107,co_0058,Jarin,Islam,Founder,contact107@deltaexpress58bd.com,+8801603273244,2025-03-07
ct_0108,co_0058,Nabila,Rahman,IT Manager,contact108@deltaexpress58bd.com,+8801345260276,2025-03-07
ct_0109,co_0059,Maliha,Chowdhury,Sales Operations,contact109@jamunadistribution59bd.com,+8801347335834,2025-06-18
ct_0110,co_0059,Karim,Islam,Operations Manager,contact110@jamunadistribution59bd.com,+8801936364009,2025-06-17
ct_0111,co_0059,Jarin,Ahmed,Sales Operations,contact111@jamunadistribution59bd.com,+8801843241920,2025-07-01
ct_0112,co_0060,Karim,Hossain,Founder,contact112@anchorfulfilment60bd.com,+8801730838760,2026-05-07
ct_0113,co_0061,Maliha,Khan,Head of Logistics,contact113@padmasupply61bd.com,+8801532831466,2025-12-08
ct_0114,co_0061,Sadia,Khan,IT Manager,contact114@padmasupply61bd.com,+8801708946673,2025-12-04
ct_0115,co_0062,Rahim,Rahman,Founder,contact115@nexafulfilment62bd.com,+8801715323429,2025-01-12
ct_0116,co_0062,Rahim,Ahmed,Sales Operations,contact116@nexafulfilment62bd.com,+8801446995939,2025-01-07
ct_0117,co_0063,Maliha,Hossain,Head of Logistics,contact117@shaplalogistics63bd.com,+8801525369495,2026-03-10
ct_0118,co_0064,Imran,Rahman,Sales Operations,contact118@rapidlogistics64bd.com,+8801657576546,2025-04-29
ct_0119,co_0065,Sadia,Islam,IT Manager,contact119@tigercourier65bd.com,+8801913925303,2025-02-01
ct_0120,co_0066,Karim,Rahman,Founder,contact120@deltaexpress66bd.com,+8801814125557,2025-10-01
ct_0121,co_0066,Karim,Chowdhury,Founder,contact121@deltaexpress66bd.com,+8801650280989,2025-09-21
ct_0122,co_0067,Rahim,Khan,Sales Operations,contact122@bengalexpress67bd.com,+8801969635867,2025-07-30
ct_0123,co_0067,Farhan,Khan,Head of Logistics,contact123@bengalexpress67bd.com,+8801847916280,2025-07-28
ct_0124,co_0067,Rahim,Khan,IT Manager,contact124@bengalexpress67bd.com,+8801854712731,2025-07-28
ct_0125,co_0068,Rahim,Rahman,Head of Logistics,contact125@jamunaexpress68bd.com,+8801673349365,2026-06-01
ct_0126,co_0068,Farhan,Islam,Operations Manager,contact126@jamunaexpress68bd.com,+8801773755712,2026-05-30
ct_0127,co_0069,Karim,Chowdhury,Founder,contact127@shapladistribution69bd.com,+8801331365585,2025-12-09
ct_0128,co_0069,Jarin,Ahmed,Head of Logistics,contact128@shapladistribution69bd.com,+8801783680607,2025-11-27
ct_0129,co_0069,Nabila,Chowdhury,Operations Manager,contact129@shapladistribution69bd.com,+8801537591783,2025-11-27
ct_0130,co_0070,Rahim,Chowdhury,IT Manager,contact130@meghnadistribution70bd.com,+8801588960108,2025-04-26
ct_0131,co_0070,Sadia,Chowdhury,Operations Manager,contact131@meghnadistribution70bd.com,+8801448320266,2025-05-06
ct_0132,co_0071,Maliha,Islam,Operations Manager,contact132@bengalexpress71bd.com,+8801672465513,2026-03-31
ct_0133,co_0071,Maliha,Islam,Founder,contact133@bengalexpress71bd.com,+8801664950580,2026-04-01
ct_0134,co_0072,Rahim,Islam,Founder,contact134@jamunalogistics72bd.com,+8801896443228,2025-11-23
ct_0135,co_0072,Jarin,Rahman,Head of Logistics,contact135@jamunalogistics72bd.com,+8801655623500,2025-11-30
ct_0136,co_0073,Karim,Hossain,Head of Logistics,contact136@meghnaexpress73bd.com,+8801912890663,2026-06-22
ct_0137,co_0074,Imran,Rahman,IT Manager,contact137@nexadistribution74bd.com,+8801802559189,2025-07-15
ct_0138,co_0074,Sadia,Hossain,Founder,contact138@nexadistribution74bd.com,+8801480059202,2025-07-16
ct_0139,co_0074,Farhan,Khan,Head of Logistics,contact139@nexadistribution74bd.com,+8801395135689,2025-07-22
ct_0140,co_0075,Imran,Khan,Head of Logistics,contact140@anchorexpress75bd.com,+8801811142951,2026-05-24
ct_0141,co_0075,Rahim,Islam,Sales Operations,contact141@anchorexpress75bd.com,+8801670907768,2026-05-30
ct_0142,co_0076,Farhan,Chowdhury,Operations Manager,contact142@bengallogistics76bd.com,+8801405576012,2025-06-01
ct_0143,co_0077,Jarin,Hossain,Founder,contact143@rapidfulfilment77bd.com,+8801488207661,2026-07-26
ct_0144,co_0077,Maliha,Islam,Operations Manager,contact144@rapidfulfilment77bd.com,+8801650823724,2026-07-28
ct_0145,co_0077,Maliha,Rahman,Sales Operations,contact145@rapidfulfilment77bd.com,+8801925033737,2026-07-21
ct_0146,co_0078,Jarin,Chowdhury,Head of Logistics,contact146@anchorexpress78bd.com,+8801660731193,2026-02-21
ct_0147,co_0078,Maliha,Chowdhury,Sales Operations,contact147@anchorexpress78bd.com,+8801979356146,2026-02-26
ct_0148,co_0078,Karim,Rahman,Operations Manager,contact148@anchorexpress78bd.com,+8801578688876,2026-02-19
ct_0149,co_0079,Nabila,Khan,Founder,contact149@meghnacourier79bd.com,+8801510942091,2025-05-14
ct_0150,co_0079,Jarin,Chowdhury,Head of Logistics,contact150@meghnacourier79bd.com,+8801873134861,2025-05-01
ct_0151,co_0080,Sadia,Hossain,Head of Logistics,contact151@nexacourier80bd.com,+8801608723199,2026-06-30
